date,time,messages,unique_chatters,sub_events
2026-07-15,20:02,2,1
2026-07-15,20:03,1,1
2026-07-15,20:11,1,1,0
2026-07-15,20:12,0,0,0
2026-07-15,20:51,1,1,0
2026-07-15,20:52,0,0,0
2026-07-15,21:02,1,1,0
2026-07-15,21:03,4,3,0
2026-07-15,21:04,1,1,0
2026-07-15,21:05,2,2,0
2026-07-15,21:06,3,2,0
2026-07-15,21:07,6,2,0
2026-07-15,21:08,4,3,0
2026-07-15,21:09,2,2,0
2026-07-15,21:10,4,2,0
2026-07-15,21:11,1,1,0
2026-07-15,21:12,1,1,0
2026-07-15,21:13,0,0,0
2026-07-15,21:51,1,1,0
2026-07-15,21:52,2,2,0
2026-07-15,21:53,2,2,0
2026-07-15,21:54,0,0,0
2026-07-15,21:55,4,2,0
2026-07-15,21:56,2,2,0
2026-07-15,21:57,0,0,0
2026-07-15,21:58,19,2,0
2026-07-15,21:59,7,3,0
2026-07-15,22:00,4,2,0
2026-07-15,22:01,10,3,0
2026-07-15,22:02,5,2,0
2026-07-15,22:03,0,0,0
2026-07-15,22:09,2,2,0
2026-07-15,22:10,5,3,0
2026-07-15,22:11,0,0,0
2026-07-15,22:12,5,3,0
2026-07-15,22:13,0,0,0
2026-07-15,22:21,2,1,0
2026-07-15,22:22,2,2,0
2026-07-15,22:23,0,0,0
2026-07-15,22:41,1,1,0
2026-07-15,22:42,0,0,0
2026-07-15,22:48,2,1,0
2026-07-15,22:49,0,0,0
2026-07-15,23:01,3,2,0
2026-07-15,23:02,0,0,0
2026-07-15,23:03,7,3,0
2026-07-15,23:04,2,1,0
2026-07-15,23:05,2,2,0
2026-07-15,23:06,0,0,0
2026-07-15,23:08,1,1,0
2026-07-15,23:09,0,0,0
2026-07-15,23:11,1,1,0
2026-07-15,23:12,0,0,0
2026-07-15,23:20,1,1,0
2026-07-15,23:21,0,0,0
2026-07-15,23:44,1,1,0
2026-07-15,23:45,3,2,0
2026-07-15,23:46,3,3,0
2026-07-15,23:47,0,0,0
2026-07-16,00:04,3,1,0
2026-07-16,00:05,0,0,0
2026-07-16,00:11,1,1,0
2026-07-16,00:12,0,0,0
2026-07-16,00:21,2,1,0
2026-07-16,00:22,0,0,0
2026-07-16,00:27,2,2,0
2026-07-16,00:28,0,0,0
2026-07-16,00:30,1,1,0
2026-07-16,00:31,0,0,0
2026-07-16,00:34,1,1,0
2026-07-16,00:35,0,0,0
2026-07-16,00:45,1,1,0
2026-07-16,00:46,1,1,0
2026-07-16,00:47,0,0,0
2026-07-16,00:48,1,1,0
2026-07-16,00:49,6,3,0
2026-07-16,00:50,4,3,0
2026-07-16,00:51,1,1,0
2026-07-16,00:52,0,0,0
2026-07-16,00:53,2,2,0
2026-07-16,00:54,0,0,0
2026-07-16,00:56,1,1,0
2026-07-16,00:57,0,0,0
2026-07-16,00:58,15,3,0
2026-07-16,00:59,102,27,0
2026-07-16,01:00,54,20,0
2026-07-16,01:01,22,15,1
2026-07-16,01:02,16,9,0
2026-07-16,01:03,15,11,0
2026-07-16,01:04,7,6,0
2026-07-16,01:05,8,7,1
2026-07-16,01:06,12,6,0
2026-07-16,01:07,9,5,0
2026-07-16,01:08,9,7,0
2026-07-16,01:09,11,8,0
2026-07-16,01:10,12,6,0
2026-07-16,01:11,15,10,0
2026-07-16,01:12,14,9,0
2026-07-16,01:13,1,1,0
2026-07-16,01:14,3,3,0
2026-07-16,01:15,5,3,0
2026-07-16,01:16,5,4,0
2026-07-16,01:17,8,5,0
2026-07-16,01:18,2,2,0
2026-07-16,01:19,9,4,0
2026-07-16,01:20,12,7,0
2026-07-16,01:21,3,3,0
2026-07-16,01:22,12,5,0
2026-07-16,01:23,8,6,0
2026-07-16,01:24,9,5,0
2026-07-16,01:25,4,3,0
2026-07-16,01:26,6,3,0
2026-07-16,01:27,9,6,0
2026-07-16,01:28,5,4,0
2026-07-16,01:29,5,3,0
2026-07-16,01:30,14,7,0
2026-07-16,01:31,5,3,0
2026-07-16,01:32,8,7,0
2026-07-16,01:33,2,2,0
2026-07-16,01:34,3,2,0
2026-07-16,01:35,5,5,0
2026-07-16,01:36,6,3,0
2026-07-16,01:37,3,2,0
2026-07-16,01:38,4,3,0
2026-07-16,01:39,3,2,0
2026-07-16,01:40,1,1,0
2026-07-16,01:41,0,0,0
2026-07-16,01:43,3,3,0
2026-07-16,01:44,14,2,0
2026-07-16,01:45,9,6,0
2026-07-16,01:46,2,2,0
2026-07-16,01:47,2,2,0
2026-07-16,01:48,3,3,0
2026-07-16,01:49,5,3,0
2026-07-16,01:50,14,9,0
2026-07-16,01:51,5,4,0
2026-07-16,01:52,4,3,0
2026-07-16,01:53,8,4,0
2026-07-16,01:54,2,2,0
2026-07-16,01:55,0,0,0
2026-07-16,01:57,3,2,0
2026-07-16,01:58,5,4,0
2026-07-16,01:59,2,2,0
2026-07-16,02:00,4,3,0
2026-07-16,02:01,7,6,0
2026-07-16,02:02,4,3,0
2026-07-16,02:03,2,1,0
2026-07-16,02:04,1,1,0
2026-07-16,02:05,1,1,0
2026-07-16,02:06,4,4,0
2026-07-16,02:07,8,5,0
2026-07-16,02:08,3,3,0
2026-07-16,02:09,4,3,0
2026-07-16,02:10,9,4,0
2026-07-16,02:11,5,5,0
2026-07-16,02:12,6,4,0
2026-07-16,02:13,4,3,0
2026-07-16,02:14,2,2,0
2026-07-16,02:15,1,1,0
2026-07-16,02:16,0,0,0
2026-07-16,02:17,1,1,0
2026-07-16,02:18,3,3,0
2026-07-16,02:19,1,1,0
2026-07-16,02:20,2,1,0
2026-07-16,02:21,0,0,0
2026-07-16,02:22,2,2,0
2026-07-16,02:23,1,1,0
2026-07-16,02:24,2,2,0
2026-07-16,02:25,3,2,0
2026-07-16,02:26,2,2,0
2026-07-16,02:27,1,1,0
2026-07-16,02:28,1,1,0
2026-07-16,02:29,1,1,0
2026-07-16,02:30,1,1,0
2026-07-16,02:31,0,0,0
2026-07-16,02:32,5,1,0
2026-07-16,02:33,1,1,0
2026-07-16,02:34,4,2,0
2026-07-16,02:35,6,3,0
2026-07-16,02:36,0,0,0
2026-07-16,02:37,3,2,0
2026-07-16,02:38,2,2,0
2026-07-16,02:39,1,1,0
2026-07-16,02:40,0,0,0
2026-07-16,02:41,1,1,0
2026-07-16,02:42,0,0,0
2026-07-16,02:43,1,1,0
2026-07-16,02:44,0,0,0
2026-07-16,02:45,2,2,0
2026-07-16,02:46,0,0,0
2026-07-16,02:48,3,2,0
2026-07-16,02:49,1,1,0
2026-07-16,02:50,1,1,0
2026-07-16,02:51,19,10,0
2026-07-16,02:52,177,78,1
2026-07-16,02:53,57,33,0
2026-07-16,02:54,44,30,0
2026-07-16,02:55,65,29,0
2026-07-16,02:56,54,20,0
2026-07-16,02:57,72,44,0
2026-07-16,02:58,178,96,0
2026-07-16,02:59,73,45,0
2026-07-16,03:00,92,50,1
2026-07-16,03:01,53,29,1
2026-07-16,03:02,33,21,0
2026-07-16,03:03,39,25,0
2026-07-16,03:04,34,21,0
2026-07-16,03:05,36,21,0
2026-07-16,03:06,18,13,0
2026-07-16,03:07,40,22,0
2026-07-16,03:08,39,24,0
2026-07-16,03:09,29,21,0
2026-07-16,03:10,61,34,0
2026-07-16,03:11,26,24,0
2026-07-16,03:12,28,21,0
2026-07-16,03:13,39,28,0
2026-07-16,03:14,27,22,0
2026-07-16,03:15,33,22,0
2026-07-16,03:18,108,27,0
2026-07-16,03:19,0,0,0
2026-07-16,03:20,113,53,0
2026-07-16,03:21,27,19,6
2026-07-16,03:22,205,35,0
2026-07-16,03:31,17,15,0
2026-07-16,03:32,0,0,0
2026-07-16,03:33,281,77,6
2026-07-16,03:34,21,14,0
2026-07-16,03:35,15,9,0
2026-07-16,03:36,20,15,0
2026-07-16,03:37,14,8,0
2026-07-16,03:38,8,6,0
2026-07-16,03:39,53,27,0
2026-07-16,03:40,42,27,0
2026-07-16,03:41,17,13,0
2026-07-16,03:42,25,13,0
2026-07-16,03:43,16,15,0
2026-07-16,03:44,41,24,0
2026-07-16,03:45,30,19,0
2026-07-16,03:46,40,30,0
2026-07-16,03:47,41,26,0
2026-07-16,03:48,46,25,0
2026-07-16,03:49,32,24,0
2026-07-16,03:50,11,7,0
2026-07-16,03:51,21,17,0
2026-07-16,03:52,31,21,0
2026-07-16,03:53,30,18,0
2026-07-16,03:54,54,28,0
2026-07-16,03:55,62,29,0
2026-07-16,03:56,51,28,0
2026-07-16,03:57,50,29,0
2026-07-16,03:58,37,21,0
2026-07-16,03:59,62,28,0
2026-07-16,04:00,19,12,0
2026-07-16,04:01,13,13,0
2026-07-16,04:02,45,20,0
2026-07-16,04:03,48,26,0
2026-07-16,04:04,51,25,0
2026-07-16,04:05,40,29,0
2026-07-16,04:06,30,20,0
2026-07-16,04:07,36,21,0
2026-07-16,04:08,93,43,0
2026-07-16,04:09,54,30,1
2026-07-16,04:10,38,23,0
2026-07-16,04:11,32,20,0
2026-07-16,04:12,42,23,0
2026-07-16,04:13,48,28,0
2026-07-16,04:14,49,28,0
2026-07-16,04:15,68,33,0
2026-07-16,04:16,15,11,0
2026-07-16,04:17,17,13,0
2026-07-16,04:18,32,20,0
2026-07-16,04:19,32,20,0
2026-07-16,04:20,56,22,0
2026-07-16,04:21,16,12,0
2026-07-16,04:22,22,15,1
2026-07-16,04:23,29,19,0
2026-07-16,04:24,37,22,0
2026-07-16,04:25,35,20,0
2026-07-16,04:26,25,16,0
2026-07-16,04:27,10,10,0
2026-07-16,04:28,10,9,0
2026-07-16,04:29,21,17,0
2026-07-16,04:30,22,15,0
2026-07-16,04:31,23,16,0
2026-07-16,04:32,82,27,0
2026-07-16,04:33,38,21,0
2026-07-16,04:34,41,17,0
2026-07-16,04:35,10,9,0
2026-07-16,04:36,16,14,0
2026-07-16,04:37,18,10,0
2026-07-16,04:38,10,7,0
2026-07-16,04:39,14,9,0
2026-07-16,04:40,17,14,0
2026-07-16,04:41,18,10,0
2026-07-16,04:42,32,19,0
2026-07-16,04:43,22,12,0
2026-07-16,04:44,49,19,0
2026-07-16,04:45,18,14,0
2026-07-16,04:46,59,32,0
2026-07-16,04:47,38,28,0
2026-07-16,04:48,47,26,0
2026-07-16,04:49,42,25,0
2026-07-16,04:50,21,14,0
2026-07-16,04:51,25,18,0
2026-07-16,04:52,35,20,0
2026-07-16,04:53,31,15,0
2026-07-16,04:54,47,24,0
2026-07-16,04:55,51,22,0
2026-07-16,04:56,21,15,0
2026-07-16,04:57,21,16,0
2026-07-16,04:58,38,15,0
2026-07-16,05:14,3,3,0
2026-07-16,05:35,0,0,0
2026-07-16,05:41,8,4,0
2026-07-16,05:42,6,4,0
2026-07-16,05:43,32,21,0
2026-07-16,05:44,21,17,0
2026-07-16,05:45,25,17,0
2026-07-16,05:46,23,15,0
2026-07-16,05:47,9,9,0
2026-07-16,05:48,31,21,0
2026-07-16,05:49,16,14,0
2026-07-16,06:05,1,1,0
2026-07-16,06:22,0,0,0
2026-07-16,07:28,29,23,0
2026-07-16,07:46,0,0,0
2026-07-16,09:04,15,8,0
2026-07-16,09:22,0,0,0
2026-07-16,09:42,3,3,0
2026-07-16,09:43,14,9,0
2026-07-16,09:44,15,9,0
2026-07-16,09:45,20,14,0
2026-07-16,09:46,16,13,0
2026-07-16,09:47,21,14,0
2026-07-16,09:48,10,7,0
2026-07-16,09:49,15,10,0
2026-07-16,09:50,24,11,0
2026-07-16,09:51,16,10,0
2026-07-16,09:52,19,9,0
2026-07-16,09:53,27,17,0
2026-07-16,09:54,34,17,0
2026-07-16,09:55,18,12,0
2026-07-16,09:56,10,7,0
2026-07-16,09:57,15,9,0
2026-07-16,09:58,18,13,0
2026-07-16,09:59,39,14,0
2026-07-16,10:00,31,13,0
2026-07-16,10:01,20,10,0
2026-07-16,10:02,21,9,0
2026-07-16,10:03,20,12,0
2026-07-16,10:04,14,12,0
2026-07-16,10:05,46,23,0
2026-07-16,10:06,37,18,0
2026-07-16,10:07,47,17,0
2026-07-16,10:08,36,16,0
2026-07-16,10:09,27,14,0
2026-07-16,10:10,24,15,0
2026-07-16,10:11,30,14,0
2026-07-16,10:12,38,16,0
2026-07-16,10:13,49,20,1
2026-07-16,10:14,16,13,0
2026-07-16,10:15,19,11,0
2026-07-16,10:16,36,19,0
2026-07-16,10:17,16,8,0
2026-07-16,10:18,6,3,0
2026-07-16,10:19,2,2,0
2026-07-16,10:20,1,1,0
2026-07-16,10:21,0,0,0
2026-07-16,10:23,1,1,0
2026-07-16,10:24,0,0,0
2026-07-16,22:49,7,3,0
2026-07-16,22:50,17,13,0
2026-07-16,22:51,19,14,0
2026-07-16,22:52,17,12,0
2026-07-16,22:53,10,7,0
2026-07-16,22:54,15,9,0
2026-07-16,22:55,13,11,0
2026-07-16,22:56,21,11,0
2026-07-16,22:57,12,9,0
2026-07-16,22:58,7,6,0
2026-07-16,22:59,142,37,0
2026-07-16,23:00,28,16,0
2026-07-16,23:01,15,12,0
2026-07-16,23:02,43,18,0
2026-07-16,23:03,55,18,0
2026-07-16,23:04,25,14,0
2026-07-16,23:05,25,16,0
2026-07-16,23:06,8,7,0
2026-07-16,23:07,11,8,0
2026-07-16,23:08,12,7,0
2026-07-16,23:09,50,20,0
2026-07-16,23:10,34,17,0
2026-07-16,23:11,17,11,0
2026-07-16,23:12,9,6,0
2026-07-16,23:13,9,8,0
2026-07-16,23:14,12,8,0
2026-07-16,23:15,1,1,0
2026-07-16,23:16,8,5,0
2026-07-16,23:17,9,6,0
2026-07-16,23:18,15,6,0
2026-07-16,23:19,6,5,0
2026-07-16,23:20,9,7,0
2026-07-16,23:21,9,7,0
2026-07-16,23:22,2,2,0
2026-07-16,23:23,11,7,0
2026-07-16,23:24,16,10,0
2026-07-16,23:25,5,5,0
2026-07-16,23:26,6,6,0
2026-07-16,23:27,2,2,0
2026-07-16,23:28,13,8,0
2026-07-16,23:29,9,7,0
2026-07-16,23:30,26,13,0
2026-07-16,23:31,30,15,0
2026-07-16,23:32,20,12,0
2026-07-16,23:33,4,4,0
2026-07-16,23:34,14,11,0
2026-07-16,23:35,9,8,0
2026-07-16,23:36,14,9,0
2026-07-16,23:37,18,11,0
2026-07-16,23:38,21,15,0
2026-07-16,23:39,16,9,0
2026-07-16,23:40,13,9,0
2026-07-16,23:41,9,3,0
2026-07-16,23:42,0,0,0
2026-07-16,23:44,3,3,0
2026-07-16,23:45,0,0,0
2026-07-16,23:47,2,1,0
2026-07-16,23:48,2,2,0
2026-07-16,23:49,0,0,0
2026-07-16,23:50,2,1,0
2026-07-16,23:51,2,1,0
2026-07-16,23:52,0,0,0
2026-07-16,23:55,1,1,0
2026-07-16,23:56,1,1,0
2026-07-16,23:57,0,0,0
2026-07-16,23:58,1,1,0
2026-07-16,23:59,1,1,0
2026-07-17,00:00,0,0,0
2026-07-17,00:01,1,1,0
2026-07-17,00:02,0,0,0
2026-07-17,00:05,1,1,0
2026-07-17,00:06,1,1,0
2026-07-17,00:07,0,0,0
2026-07-17,00:08,1,1,0
2026-07-17,00:09,0,0,0
2026-07-17,00:22,1,1,0
2026-07-17,00:23,0,0,0
2026-07-17,00:25,1,1,0
2026-07-17,00:26,1,1,0
2026-07-17,00:27,0,0,0
2026-07-17,00:35,1,1,0
2026-07-17,00:36,0,0,0
2026-07-17,00:45,1,1,0
2026-07-17,00:46,0,0,0
2026-07-17,00:48,1,1,0
2026-07-17,00:49,1,1,0
2026-07-17,00:50,1,1,0
2026-07-17,00:51,0,0,0
2026-07-17,00:52,4,1,0
2026-07-17,00:53,0,0,0
2026-07-17,00:57,26,22,0
2026-07-17,00:58,31,22,1
2026-07-17,00:59,31,19,0
2026-07-17,01:00,29,11,0
2026-07-17,01:01,20,15,1
2026-07-17,01:02,19,13,0
2026-07-17,01:03,15,13,0
2026-07-17,01:04,29,22,0
2026-07-17,01:05,26,22,0
2026-07-17,01:06,52,30,0
2026-07-17,01:07,14,11,0
2026-07-17,01:08,20,14,0
2026-07-17,01:09,41,21,0
2026-07-17,01:10,30,18,0
2026-07-17,01:11,7,6,0
2026-07-17,01:12,14,11,0
2026-07-17,01:13,26,18,0
2026-07-17,01:14,19,13,1
2026-07-17,01:15,10,10,0
2026-07-17,01:16,11,9,0
2026-07-17,01:17,47,16,0
2026-07-17,01:18,11,8,0
2026-07-17,01:19,17,12,0
2026-07-17,01:20,31,14,0
2026-07-17,01:21,12,8,0
2026-07-17,01:22,23,9,0
2026-07-17,01:23,24,15,0
2026-07-17,01:24,18,13,0
2026-07-17,01:25,26,15,0
2026-07-17,01:26,15,10,0
2026-07-17,01:27,18,10,0
2026-07-17,01:28,18,13,0
2026-07-17,01:29,26,18,0
2026-07-17,01:30,13,9,0
2026-07-17,01:31,11,11,0
2026-07-17,01:32,23,10,0
2026-07-17,01:33,17,15,0
2026-07-17,01:34,24,18,0
2026-07-17,01:35,19,12,0
2026-07-17,01:36,50,26,0
2026-07-17,01:37,26,17,0
2026-07-17,01:38,46,21,0
2026-07-17,01:39,34,15,0
2026-07-17,01:40,53,21,0
2026-07-17,01:41,53,34,0
2026-07-17,01:42,49,22,0
2026-07-17,01:43,105,35,0
2026-07-17,01:44,16,8,0
2026-07-17,01:45,73,28,0
2026-07-17,01:46,69,26,1
2026-07-17,01:47,16,12,0
2026-07-17,01:48,27,14,0
2026-07-17,01:49,24,12,0
2026-07-17,01:50,30,12,0
2026-07-17,01:51,23,14,0
2026-07-17,01:52,10,8,0
2026-07-17,01:53,19,15,0
2026-07-17,01:54,65,23,6
2026-07-17,01:55,17,9,0
2026-07-17,01:56,14,9,0
2026-07-17,01:57,16,10,0
2026-07-17,01:58,15,11,0
2026-07-17,01:59,20,10,0
2026-07-17,02:00,24,15,0
2026-07-17,02:01,25,13,0
2026-07-17,02:02,14,10,0
2026-07-17,02:03,33,11,0
2026-07-17,02:04,19,14,0
2026-07-17,02:05,20,10,0
2026-07-17,02:06,23,12,0
2026-07-17,02:07,33,20,0
2026-07-17,02:08,25,13,0
2026-07-17,02:09,20,13,0
2026-07-17,02:10,39,17,0
2026-07-17,02:11,19,12,0
2026-07-17,02:12,6,5,0
2026-07-17,02:13,25,14,0
2026-07-17,02:14,19,9,0
2026-07-17,02:15,18,13,0
2026-07-17,02:16,32,15,0
2026-07-17,02:17,23,13,0
2026-07-17,02:18,21,13,0
2026-07-17,02:19,27,12,0
2026-07-17,02:20,68,15,0
2026-07-17,02:21,82,22,0
2026-07-17,02:22,23,13,0
2026-07-17,02:23,30,19,0
2026-07-17,02:24,27,17,0
2026-07-17,02:25,16,7,0
2026-07-17,02:26,4,3,0
2026-07-17,02:27,5,5,0
2026-07-17,02:28,9,7,0
2026-07-17,02:29,8,6,0
2026-07-17,02:30,5,3,0
2026-07-17,02:31,13,7,0
2026-07-17,02:32,3,2,0
2026-07-17,02:33,10,6,0
2026-07-17,02:34,9,6,0
2026-07-17,02:35,6,5,0
2026-07-17,02:36,40,11,6
2026-07-17,02:37,16,9,1
2026-07-17,02:38,18,9,0
2026-07-17,02:39,11,8,0
2026-07-17,02:40,8,6,0
2026-07-17,02:41,8,7,0
2026-07-17,02:42,24,11,1
2026-07-17,02:43,14,7,0
2026-07-17,02:44,14,9,0
2026-07-17,02:45,17,8,0
2026-07-17,02:46,12,10,0
2026-07-17,02:47,32,12,2
2026-07-17,02:48,36,12,0
2026-07-17,02:49,11,10,0
2026-07-17,02:50,7,3,0
2026-07-17,02:51,4,3,0
2026-07-17,02:52,1,1,0
2026-07-17,02:53,13,9,0
2026-07-17,02:54,18,10,0
2026-07-17,02:55,14,8,0
2026-07-17,02:56,13,10,0
2026-07-17,02:57,14,10,0
2026-07-17,02:58,19,10,0
2026-07-17,02:59,8,4,0
2026-07-17,03:00,3,3,0
2026-07-17,03:01,5,2,0
2026-07-17,03:02,5,4,0
2026-07-17,03:03,4,4,0
2026-07-17,03:04,21,14,2
2026-07-17,03:05,14,9,0
2026-07-17,03:06,5,3,0
2026-07-17,03:07,8,5,0
2026-07-17,03:08,2,2,0
2026-07-17,03:09,4,3,0
2026-07-17,03:10,3,1,0
2026-07-17,03:11,5,2,0
2026-07-17,03:12,2,2,0
2026-07-17,03:13,0,0,0
2026-07-17,03:19,2,2,0
2026-07-17,03:20,0,0,0
2026-07-17,03:26,1,1,0
2026-07-17,03:27,0,0,0
2026-07-17,03:39,3,3,0
2026-07-17,03:40,0,0,0
2026-07-17,04:20,52,28,0
2026-07-17,04:22,0,0,0
2026-07-17,04:29,8,7,0
2026-07-17,04:30,12,10,0
2026-07-17,04:31,6,4,0
2026-07-17,04:32,8,8,0
2026-07-17,04:33,8,7,0
2026-07-17,04:34,9,7,0
2026-07-17,04:35,8,6,0
2026-07-17,04:36,13,10,0
2026-07-17,04:37,9,7,0
2026-07-17,04:38,23,17,0
2026-07-17,04:39,50,31,0
2026-07-17,04:40,39,19,0
2026-07-17,04:41,30,18,0
2026-07-17,04:42,14,10,0
2026-07-17,04:43,27,18,0
2026-07-17,04:44,18,13,0
2026-07-17,04:45,9,7,0
2026-07-17,04:46,26,19,0
2026-07-17,04:47,34,18,0
2026-07-17,04:48,25,17,0
2026-07-17,04:49,36,16,0
2026-07-17,04:50,16,10,0
2026-07-17,04:51,19,10,0
2026-07-17,04:52,31,18,0
2026-07-17,04:53,12,10,0
2026-07-17,04:54,25,16,0
2026-07-17,04:55,13,11,0
2026-07-17,04:56,12,8,0
2026-07-17,04:57,19,15,0
2026-07-17,04:58,24,14,0
2026-07-17,04:59,11,8,0
2026-07-17,05:00,18,10,0
2026-07-17,05:01,15,9,0
2026-07-17,05:02,15,6,0
2026-07-17,05:03,30,12,0
2026-07-17,05:04,12,7,0
2026-07-17,05:05,20,10,0
2026-07-17,05:06,6,5,0
2026-07-17,05:07,17,10,0
2026-07-17,05:08,13,9,0
2026-07-17,05:09,13,9,0
2026-07-17,05:10,2,2,0
2026-07-17,05:11,5,4,0
2026-07-17,05:12,12,4,0
2026-07-17,05:13,1,1,0
2026-07-17,05:14,1,1,0
2026-07-17,05:15,11,2,0
2026-07-17,05:16,8,5,0
2026-07-17,05:17,4,4,0
2026-07-17,05:18,2,2,0
2026-07-17,05:19,2,1,0
2026-07-17,05:20,1,1,0
2026-07-17,05:21,2,1,0
2026-07-17,05:22,0,0,0
2026-07-17,05:25,3,2,0
2026-07-17,05:26,3,3,0
2026-07-17,05:27,3,2,0
2026-07-17,05:28,1,1,0
2026-07-17,05:29,1,1,0
2026-07-17,05:30,3,3,0
2026-07-17,05:31,0,0,0
2026-07-17,05:32,2,2,0
2026-07-17,05:33,1,1,0
2026-07-17,05:34,6,4,0
2026-07-17,05:35,8,5,0
2026-07-17,05:36,3,3,0
2026-07-17,05:37,0,0,0
2026-07-17,05:39,2,2,0
2026-07-17,05:40,3,3,0
2026-07-17,05:41,4,3,0
2026-07-17,05:42,3,2,0
2026-07-17,05:43,0,0,0
2026-07-17,05:45,2,1,0
2026-07-17,05:46,7,2,0
2026-07-17,05:47,6,5,0
2026-07-17,05:48,3,3,0
2026-07-17,05:49,3,2,0
2026-07-17,05:50,1,1,0
2026-07-17,05:51,2,2,0
2026-07-17,05:52,1,1,0
2026-07-17,05:53,1,1,0
2026-07-17,05:54,7,4,0
2026-07-17,05:55,10,3,0
2026-07-17,05:56,6,3,0
2026-07-17,05:57,1,1,0
2026-07-17,05:58,2,2,0
2026-07-17,05:59,7,6,0
2026-07-17,06:00,6,4,0
2026-07-17,06:01,1,1,0
2026-07-17,06:02,1,1,0
2026-07-17,06:03,3,2,0
2026-07-17,06:04,2,1,0
2026-07-17,06:05,4,3,0
2026-07-17,06:06,2,2,0
2026-07-17,06:07,4,4,0
2026-07-17,06:08,12,10,0
2026-07-17,06:09,5,5,0
2026-07-17,06:10,4,4,0
2026-07-17,06:11,7,5,0
2026-07-17,06:12,6,6,0
2026-07-17,06:13,5,4,0
2026-07-17,06:14,12,8,0
2026-07-17,06:15,12,11,0
2026-07-17,06:16,24,13,0
2026-07-17,06:17,30,11,0
2026-07-17,06:18,50,30,0
2026-07-17,06:19,133,63,0
2026-07-17,06:20,85,51,0
2026-07-17,06:21,77,48,0
2026-07-17,06:22,31,22,0
2026-07-17,06:23,59,35,0
2026-07-17,06:24,68,38,0
2026-07-17,06:25,87,45,0
2026-07-17,06:26,31,24,0
2026-07-17,06:27,38,21,0
2026-07-17,06:28,27,20,0
2026-07-17,06:29,25,15,0
2026-07-17,06:30,39,21,0
2026-07-17,06:31,28,16,0
2026-07-17,06:32,61,16,0
2026-07-17,06:33,63,19,0
2026-07-17,06:34,17,8,0
2026-07-17,06:35,33,12,0
2026-07-17,06:36,17,11,0
2026-07-17,06:37,20,12,0
2026-07-17,06:38,12,6,0
2026-07-17,06:39,17,12,0
2026-07-17,06:40,6,6,0
2026-07-17,06:41,17,6,0
2026-07-17,06:42,10,7,0
2026-07-17,06:43,9,5,0
2026-07-17,06:44,12,8,0
2026-07-17,06:45,9,6,0
2026-07-17,06:46,13,11,0
2026-07-17,06:47,16,12,0
2026-07-17,06:48,22,14,0
2026-07-17,06:49,20,13,0
2026-07-17,06:50,26,14,0
2026-07-17,06:51,33,20,0
2026-07-17,06:52,25,14,0
2026-07-17,06:53,34,23,0
2026-07-17,06:54,16,11,0
2026-07-17,06:55,18,13,0
2026-07-17,06:56,9,8,0
2026-07-17,06:57,22,15,21
2026-07-17,06:58,8,7,0
2026-07-17,06:59,15,12,0
2026-07-17,07:00,7,7,0
2026-07-17,07:01,8,6,0
2026-07-17,07:02,11,6,0
2026-07-17,07:03,18,9,0
2026-07-17,07:04,12,10,0
2026-07-17,07:05,6,5,0
2026-07-17,07:06,7,7,0
2026-07-17,07:07,11,8,0
2026-07-17,07:08,9,9,0
2026-07-17,07:09,13,9,0
2026-07-17,07:10,3,3,0
2026-07-17,07:11,11,7,0
2026-07-17,07:12,6,6,0
2026-07-17,07:13,18,14,0
2026-07-17,07:14,26,17,0
2026-07-17,07:15,15,11,0
2026-07-17,07:16,35,20,1
2026-07-17,07:17,49,32,0
2026-07-17,07:18,48,32,0
2026-07-17,07:19,36,25,0
2026-07-17,07:20,73,31,0
2026-07-17,07:21,72,38,0
2026-07-17,07:22,33,22,0
2026-07-17,07:23,66,35,0
2026-07-17,07:24,52,24,0
2026-07-17,07:25,43,23,0
2026-07-17,07:26,29,21,0
2026-07-17,07:27,51,28,0
2026-07-17,07:28,47,27,0
2026-07-17,07:29,64,37,0
2026-07-17,07:30,46,31,0
2026-07-17,07:31,32,24,0
2026-07-17,07:32,28,20,0
2026-07-17,07:33,6,6,0
2026-07-17,07:34,12,11,0
2026-07-17,07:35,23,19,0
2026-07-17,07:36,20,16,0
2026-07-17,07:37,27,20,0
2026-07-17,07:38,27,18,0
2026-07-17,07:39,33,17,0
2026-07-17,07:40,26,21,0
2026-07-17,07:41,22,15,0
2026-07-17,07:42,24,16,0
2026-07-17,07:43,16,15,0
2026-07-17,07:44,42,29,0
2026-07-17,07:45,43,29,0
2026-07-17,07:46,32,23,0
2026-07-17,07:47,24,16,0
2026-07-17,07:48,22,17,0
2026-07-17,07:49,27,19,0
2026-07-17,07:50,18,16,0
2026-07-17,07:51,14,11,0
2026-07-17,07:52,14,11,0
2026-07-17,07:53,9,7,0
2026-07-17,07:54,15,7,0
2026-07-17,07:55,8,6,0
2026-07-17,07:56,8,5,0
2026-07-17,07:57,14,6,0
2026-07-17,07:58,17,10,0
2026-07-17,07:59,16,12,0
2026-07-17,08:00,5,4,0
2026-07-17,08:01,7,6,0
2026-07-17,08:02,4,3,0
2026-07-17,08:03,2,2,0
2026-07-17,08:04,10,8,0
2026-07-17,08:05,8,6,0
2026-07-17,08:06,10,7,0
2026-07-17,08:07,6,5,0
2026-07-17,08:08,10,7,0
2026-07-17,08:09,7,5,0
2026-07-17,08:10,7,6,0
2026-07-17,08:11,5,4,0
2026-07-17,08:12,14,10,0
2026-07-17,08:13,13,11,0
2026-07-17,08:14,3,3,0
2026-07-17,08:15,4,3,0
2026-07-17,08:16,2,2,0
2026-07-17,08:17,1,1,0
2026-07-17,08:18,2,2,0
2026-07-17,08:19,1,1,0
2026-07-17,08:20,0,0,0
2026-07-17,08:25,9,3,0
2026-07-17,08:26,1,1,0
2026-07-17,08:27,2,2,0
2026-07-17,08:28,1,1,0
2026-07-17,08:29,2,2,0
2026-07-17,08:30,2,1,0
2026-07-17,08:31,3,2,0
2026-07-17,08:32,4,3,0
2026-07-17,08:33,24,14,0
2026-07-17,08:34,20,13,0
2026-07-17,08:35,9,9,0
2026-07-17,08:36,5,3,0
2026-07-17,08:37,3,3,0
2026-07-17,08:38,4,4,0
2026-07-17,08:39,0,0,0
2026-07-17,08:40,24,10,0
2026-07-17,08:41,28,11,0
2026-07-17,08:42,25,11,0
2026-07-17,08:43,12,9,0
2026-07-17,08:44,18,9,0
2026-07-17,08:45,36,12,0
2026-07-17,08:46,19,8,0
2026-07-17,08:47,12,7,0
2026-07-17,08:48,20,7,0
2026-07-17,08:49,28,5,0
2026-07-17,08:50,12,4,0
2026-07-17,08:51,22,6,0
2026-07-17,08:52,13,4,0
2026-07-17,08:53,7,4,0
2026-07-17,08:54,0,0,0
2026-07-17,10:58,1,1,0
2026-07-17,11:00,0,0,0
2026-07-17,11:58,2,2,0
2026-07-17,11:59,0,0,0
2026-07-18,19:43,5,4,0
2026-07-18,19:44,5,4,0
2026-07-18,19:45,6,4,0
2026-07-18,20:06,3,3,0
2026-07-18,20:07,5,5,0
2026-07-18,20:18,5,4,0
2026-07-18,20:28,0,0,0
2026-07-18,20:59,1,1,0
2026-07-18,21:00,2,2,0
2026-07-18,21:01,5,4,0
2026-07-18,21:08,27,14,0
2026-07-18,21:11,106,27,0
2026-07-18,21:13,48,16,0
2026-07-18,21:16,26,12,0
2026-07-18,21:21,24,14,0
2026-07-18,21:22,66,27,0
2026-07-18,21:41,5,5,0
2026-07-18,22:04,0,0,0
2026-07-18,22:05,11,7,0
2026-07-18,22:17,11,4,0
2026-07-18,22:18,0,0,0
2026-07-18,22:19,59,19,0
2026-07-18,22:21,116,25,0
2026-07-18,22:22,19,6,0
2026-07-18,22:23,24,14,0
2026-07-18,22:24,56,33,0
2026-07-18,22:25,28,18,0
2026-07-18,22:27,13,9,0
2026-07-18,22:28,0,0,0
2026-07-18,22:29,53,21,0
2026-07-18,22:30,17,13,0
2026-07-18,22:31,20,7,0
2026-07-18,22:32,15,11,0
2026-07-18,22:34,13,5,0
2026-07-18,22:35,16,10,0
2026-07-18,22:36,10,7,0
2026-07-18,22:37,11,6,0
2026-07-18,22:38,17,9,0
2026-07-18,22:39,12,6,0
2026-07-18,22:40,9,5,0
2026-07-18,22:41,9,5,0
2026-07-18,23:24,22,5,0
2026-07-18,23:43,0,0,0
2026-07-19,00:49,5,5,0
2026-07-19,00:52,0,0,0
2026-07-19,01:00,1,1,0
2026-07-19,01:09,0,0,0
2026-07-19,01:49,31,21,0
2026-07-19,01:54,9,9,0
2026-07-19,01:58,0,0,0
2026-07-19,02:25,9,6,0
2026-07-19,02:26,15,10,0
2026-07-19,02:27,21,9,0
2026-07-19,02:28,25,15,0
2026-07-19,02:29,4,4,0
2026-07-19,02:30,9,7,0
2026-07-19,02:31,7,5,0
2026-07-19,02:32,4,4,0
2026-07-19,02:33,4,3,0
2026-07-19,02:34,5,4,0
2026-07-19,02:35,15,6,0
2026-07-19,02:36,15,8,0
2026-07-19,02:37,25,14,0
2026-07-19,02:38,23,18,0
2026-07-19,02:39,242,84,0
2026-07-19,02:40,158,43,0
2026-07-19,02:41,36,23,0
2026-07-19,02:42,10,10,0
2026-07-19,02:43,10,9,0
2026-07-19,02:44,16,11,0
2026-07-19,02:45,26,18,0
2026-07-19,02:46,10,7,0
2026-07-19,02:47,4,3,0
2026-07-19,02:48,14,8,0
2026-07-19,02:49,8,4,0
2026-07-19,02:50,6,3,0
2026-07-19,02:51,9,5,0
2026-07-19,02:52,7,5,0
2026-07-19,02:53,5,5,0
2026-07-19,02:54,5,3,0
2026-07-19,02:55,5,3,0
2026-07-19,02:56,9,6,0
2026-07-19,02:57,13,9,0
2026-07-19,02:58,22,17,0
2026-07-19,03:02,8,6,0
2026-07-19,03:04,1,1,0
2026-07-19,03:07,80,28,0
2026-07-19,03:35,33,15,0
2026-07-19,04:08,0,0,0
2026-07-19,04:59,2,2,0
2026-07-19,05:00,0,0,0
2026-07-19,05:01,1,1,0
2026-07-19,05:02,0,0,0
2026-07-19,19:03,2,1,0
2026-07-19,19:20,1,1,0
2026-07-19,19:21,45,29,0
2026-07-19,19:25,20,17,0
2026-07-19,19:32,0,0,0
2026-07-19,20:52,19,14,0
2026-07-19,20:53,0,0,0
2026-07-19,20:56,117,54,0
2026-07-19,21:02,24,15,0
2026-07-19,21:16,108,30,0
2026-07-19,21:17,0,0,0
2026-07-19,21:18,176,42,0
2026-07-19,21:19,0,0,0
2026-07-19,21:21,1,1,0
2026-07-19,21:22,0,0,0
2026-07-19,21:33,1,1,0
2026-07-19,21:34,0,0,0
2026-07-19,22:03,1,1,0
2026-07-19,22:04,1,1,0
2026-07-19,22:05,1,1,0
2026-07-19,22:06,0,0,0
2026-07-19,22:10,1,1,0
2026-07-19,22:11,0,0,0
2026-07-19,22:13,3,2,0
2026-07-19,22:14,0,0,0
2026-07-19,22:15,2,1,0
2026-07-19,22:16,5,4,0
2026-07-19,22:17,68,28,0
2026-07-19,22:18,38,21,0
2026-07-19,22:19,41,14,0
2026-07-19,22:20,16,13,0
2026-07-19,22:21,15,8,0
2026-07-19,22:22,15,9,0
2026-07-19,22:23,23,16,0
2026-07-19,22:24,22,13,0
2026-07-19,22:25,26,11,0
2026-07-19,22:26,15,9,0
2026-07-19,22:27,12,7,0
2026-07-19,22:28,19,14,0
2026-07-19,22:29,12,9,0
2026-07-19,22:30,24,15,0
2026-07-19,22:31,38,22,0
2026-07-19,22:32,34,19,0
2026-07-19,22:33,18,11,0
2026-07-19,22:34,17,11,0
2026-07-19,22:35,19,13,0
2026-07-19,22:36,10,7,0
2026-07-19,22:37,20,14,0
2026-07-19,22:38,16,11,0
2026-07-19,22:39,12,11,0
2026-07-19,22:40,19,14,0
2026-07-19,22:41,10,8,0
2026-07-19,22:42,18,13,0
2026-07-19,22:43,14,10,0
2026-07-19,22:44,15,8,0
2026-07-19,22:45,16,9,0
2026-07-19,22:46,16,13,0
2026-07-19,22:47,14,9,0
2026-07-19,22:48,14,13,0
2026-07-19,22:49,13,8,0
2026-07-19,22:50,11,11,0
2026-07-19,22:51,10,8,0
2026-07-19,22:52,12,9,0
2026-07-19,22:53,15,8,0
2026-07-19,22:54,10,7,0
2026-07-19,22:55,13,8,0
2026-07-19,22:56,4,3,0
2026-07-19,22:57,14,7,0
2026-07-19,22:58,9,4,0
2026-07-19,22:59,6,4,0
2026-07-19,23:00,5,3,0
2026-07-19,23:01,9,5,0
2026-07-19,23:02,10,7,0
2026-07-19,23:03,12,6,0
2026-07-19,23:04,6,4,0
2026-07-19,17:08,1,1,0
2026-07-19,17:09,0,0,0
2026-07-19,17:20,2,2,0
2026-07-19,17:21,0,0,0
2026-07-19,17:29,2,2,0
2026-07-19,17:30,0,0,0
2026-07-19,17:32,1,1,0
2026-07-19,17:33,0,0,0
2026-07-19,18:03,1,1,0
2026-07-19,18:04,0,0,0
2026-07-19,18:31,1,1,0
2026-07-19,18:32,0,0,0
2026-07-19,18:45,1,1,0
2026-07-19,18:47,0,0,0
2026-07-19,18:53,1,1,0
2026-07-19,18:58,1,1,0
2026-07-19,18:59,0,0,0
2026-07-19,19:11,1,1,0
2026-07-19,19:12,0,0,0
2026-07-19,19:18,1,1,0
2026-07-19,19:19,1,1,0
2026-07-19,19:20,0,0,0
2026-07-19,20:34,2,1,0
2026-07-19,20:35,0,0,0
2026-07-19,21:36,1,1,0
2026-07-19,21:37,1,1,0
2026-07-19,21:38,0,0,0
2026-07-19,21:56,1,1,0
2026-07-19,21:57,0,0,0
2026-07-19,22:31,2,1,0
2026-07-19,22:32,1,1,0
2026-07-19,22:33,0,0,0
2026-07-19,22:46,2,1,0
2026-07-19,22:47,0,0,0
2026-07-20,00:04,2,2,0
2026-07-20,00:09,0,0,0
2026-07-20,00:34,2,2,0
2026-07-20,00:35,0,0,0
2026-07-20,11:33,2,2,0
2026-07-20,11:34,0,0,0
2026-07-20,21:13,2,2,0
2026-07-20,21:23,0,0,0
2026-07-20,22:00,7,2,0
2026-07-20,22:10,0,0,0
2026-07-20,23:49,1,1,0
2026-07-20,23:51,0,0,0
2026-07-22,23:40,61,30,0
2026-07-22,23:41,88,43,0
2026-07-22,23:58,24,23,0
2026-07-23,00:00,0,0,0
2026-07-23,00:01,67,44,0
2026-07-23,00:10,27,23,0
2026-07-23,00:28,0,0,0
2026-07-23,00:44,8,8,0
2026-07-23,01:01,0,0,0
2026-07-23,20:11,2,2,0
2026-07-23,20:12,0,0,0
2026-07-23,23:10,3,3,0
2026-07-23,23:11,15,13,1
2026-07-23,23:12,6,5,0
2026-07-23,23:13,14,9,0
2026-07-23,23:14,17,10,0
2026-07-23,23:15,16,8,0
2026-07-23,23:16,9,4,0
2026-07-23,23:17,11,8,0
2026-07-23,23:18,6,4,0
2026-07-23,23:19,12,8,0
2026-07-23,23:20,9,7,0
2026-07-23,23:21,6,5,0
2026-07-23,23:22,3,3,0
2026-07-23,23:23,12,12,0
2026-07-23,23:24,12,8,0
2026-07-23,23:25,3,3,0
2026-07-23,23:26,4,4,0
2026-07-23,23:27,7,5,0
2026-07-23,23:28,1,1,0
2026-07-23,23:29,10,5,0
2026-07-23,23:30,6,5,0
2026-07-23,23:31,6,6,0
2026-07-23,23:32,8,6,0
2026-07-23,23:33,5,3,0
2026-07-23,23:34,10,7,0
2026-07-23,23:35,0,0,0
2026-07-23,23:36,2,2,0
2026-07-23,23:37,5,3,0
2026-07-23,23:38,1,1,0
2026-07-23,23:39,6,5,0
2026-07-23,23:40,5,4,0
2026-07-23,23:41,7,6,0
2026-07-23,23:42,5,5,0
2026-07-23,23:43,3,2,0
2026-07-23,23:44,2,2,0
2026-07-23,23:45,2,2,0
2026-07-23,23:46,7,5,0
2026-07-23,23:47,4,2,0
2026-07-23,23:48,2,2,0
2026-07-23,23:49,6,5,0
2026-07-23,23:50,3,2,0
2026-07-23,23:51,5,3,0
2026-07-23,23:52,7,5,0
2026-07-24,00:13,1,1,0
2026-07-24,00:30,0,0,0
2026-07-24,00:38,3,3,0
2026-07-24,00:40,0,0,0
2026-07-24,00:49,12,8,0
2026-07-24,00:50,11,9,0
2026-07-24,01:07,5,4,0
2026-07-24,01:23,0,0,0
2026-07-24,14:03,2,2,0
2026-07-24,14:05,0,0,0
2026-07-24,20:18,2,2,0
2026-07-24,20:19,0,0,0
2026-07-25,20:38,2,2,0
2026-07-25,20:39,0,0,0
2026-07-26,09:05,2,2,0
2026-07-26,09:06,0,0,0
2026-07-26,18:15,1,1,0
2026-07-26,18:16,0,0,0
2026-07-26,18:52,2,2,0
2026-07-26,18:53,0,0,0
2026-07-26,19:07,2,2,0
2026-07-26,19:08,0,0,0
2026-07-26,19:09,1,1,0
2026-07-26,19:10,0,0,0
2026-07-26,20:39,2,2,0
2026-07-26,20:40,0,0,0
2026-07-28,18:18,6,1,0
2026-07-28,18:19,0,0,0
2026-07-28,18:26,1,1,0
2026-07-28,18:27,110,59,1
2026-07-28,18:28,45,26,0
2026-07-28,18:29,39,24,0
2026-07-28,18:30,30,19,0
2026-07-28,18:31,37,22,0
2026-07-28,18:32,42,22,0
2026-07-28,18:33,24,16,0
2026-07-28,18:34,32,14,0
2026-07-28,18:35,21,12,0
2026-07-28,18:36,16,10,0
2026-07-28,18:37,29,12,0
2026-07-28,18:38,31,15,0
2026-07-28,18:39,29,19,0
2026-07-28,18:40,30,18,0
2026-07-28,18:41,32,13,6
2026-07-28,18:42,30,17,0
2026-07-28,18:43,19,12,0
2026-07-28,18:44,25,14,0
2026-07-28,18:45,21,14,0
2026-07-28,18:46,17,10,0
2026-07-28,18:47,29,18,0
2026-07-28,18:48,29,16,0
2026-07-28,18:49,32,10,6
2026-07-28,18:50,14,10,0
2026-07-28,18:51,19,10,2
2026-07-28,18:52,17,10,0
2026-07-28,18:53,10,7,0
2026-07-28,18:54,25,14,1
2026-07-28,18:55,37,19,1
2026-07-28,18:56,17,12,0
2026-07-28,18:57,57,25,0
2026-07-28,18:58,28,16,0
2026-07-28,18:59,25,15,0
2026-07-28,19:00,16,11,0
2026-07-28,19:01,11,9,0
2026-07-28,19:02,13,7,1
2026-07-28,19:03,23,11,0
2026-07-28,19:04,15,9,0
2026-07-28,19:05,25,16,0
2026-07-28,19:06,27,14,0
2026-07-28,19:07,17,14,0
2026-07-28,19:08,8,5,0
2026-07-28,19:18,11,7,0
2026-07-28,19:19,0,0,0
2026-07-28,19:21,8,7,0
2026-07-28,19:22,13,10,0
2026-07-28,19:23,17,10,0
2026-07-28,19:24,8,8,0
2026-07-28,19:25,14,13,0
2026-07-28,19:26,10,7,0
2026-07-28,19:27,11,8,0
2026-07-28,19:28,9,7,0
2026-07-28,19:29,11,9,0
2026-07-28,19:30,16,12,0
2026-07-28,19:31,6,6,0
2026-07-28,19:32,16,12,0
2026-07-28,19:33,10,9,0
2026-07-28,19:34,12,8,0
2026-07-28,19:35,15,9,0
2026-07-28,19:36,15,8,0
2026-07-28,19:37,11,7,0
2026-07-28,19:38,9,6,1
2026-07-28,19:39,16,11,0
2026-07-28,19:40,6,6,0
2026-07-28,19:41,8,5,0
2026-07-28,19:42,9,7,0
2026-07-28,19:43,8,6,0
2026-07-28,19:44,10,7,0
2026-07-28,19:45,6,5,0
2026-07-28,19:46,8,7,0
2026-07-28,19:47,9,3,0
2026-07-28,19:48,7,6,0
2026-07-28,19:49,9,8,0
2026-07-28,19:50,4,4,0
2026-07-28,19:51,6,6,0
2026-07-28,19:52,10,4,0
2026-07-28,19:53,8,6,0
2026-07-28,19:54,18,9,0
2026-07-28,19:55,15,9,0
2026-07-28,19:56,8,6,0
2026-07-28,19:57,12,7,0
2026-07-28,19:58,8,6,0
2026-07-28,19:59,8,4,0
2026-07-28,20:00,3,3,0
2026-07-28,20:01,7,6,0
2026-07-28,20:02,2,2,0
2026-07-28,20:03,13,4,0
2026-07-28,20:04,4,4,0
2026-07-28,20:05,2,2,0
2026-07-28,20:06,8,6,0
2026-07-28,20:07,9,6,0
2026-07-28,20:08,8,8,0
2026-07-28,20:09,16,8,0
2026-07-28,20:10,13,8,0
2026-07-28,20:11,7,6,0
2026-07-28,20:12,7,6,0
2026-07-28,20:13,10,6,0
2026-07-28,20:14,4,4,0
2026-07-28,20:15,6,6,0
2026-07-28,20:16,4,4,0
2026-07-28,20:17,12,5,0
2026-07-28,20:18,9,6,0
2026-07-28,20:19,7,5,0
2026-07-28,20:20,2,2,0
2026-07-28,20:21,5,5,0
2026-07-28,20:22,4,3,0
2026-07-28,20:23,16,9,0
2026-07-28,20:24,4,3,0
2026-07-28,20:25,9,6,0
2026-07-28,20:26,0,0,0
2026-07-29,17:24,2,2,0
2026-07-29,17:25,0,0,0
2026-07-31,15:51,33,28,0
2026-07-31,15:52,174,56,0
2026-07-31,15:53,53,31,0
2026-07-31,15:54,32,20,0
2026-07-31,15:55,43,21,0
2026-07-31,15:56,29,17,0
2026-07-31,15:57,31,19,0
2026-07-31,15:58,29,17,0
2026-07-31,15:59,28,16,0
2026-07-31,16:00,28,18,0
2026-07-31,16:01,17,10,0
2026-07-31,16:02,30,20,0
2026-07-31,16:03,37,18,0
2026-07-31,16:04,27,13,0
2026-07-31,16:05,32,14,0
2026-07-31,16:06,30,13,0
2026-07-31,16:07,24,14,0
2026-07-31,16:08,27,16,0
2026-07-31,16:09,19,11,0
2026-07-31,16:10,10,9,0
2026-07-31,16:11,23,13,0
2026-07-31,16:12,32,18,1
2026-07-31,16:13,37,15,2
2026-07-31,16:14,29,15,0
2026-07-31,16:15,15,8,0
2026-07-31,16:16,13,6,0
2026-07-31,16:17,22,12,0
2026-07-31,16:18,21,13,1
2026-07-31,16:19,18,8,0
2026-07-31,16:20,10,8,0
2026-07-31,16:21,9,6,0
2026-07-31,16:22,16,9,0
2026-07-31,16:23,24,11,0
2026-07-31,16:24,19,7,0
2026-07-31,16:25,11,8,0
2026-07-31,16:26,13,8,0
2026-07-31,16:27,13,5,0
2026-07-31,16:28,9,6,0
2026-07-31,16:29,18,16,0
2026-07-31,16:30,24,14,0
2026-07-31,16:31,16,10,0
2026-07-31,16:32,25,13,0
2026-07-31,16:33,22,14,0
2026-07-31,16:34,17,8,0
2026-07-31,16:35,13,11,0
2026-07-31,16:36,12,9,0
2026-07-31,16:37,9,8,0
2026-07-31,16:38,7,3,0
2026-07-31,16:39,12,8,0
2026-07-31,16:40,13,10,0
2026-07-31,16:41,8,8,0
2026-07-31,16:42,13,8,0
2026-07-31,16:43,14,10,0
2026-07-31,16:44,19,11,0
2026-07-31,16:45,9,6,0
2026-07-31,16:46,19,10,0
2026-07-31,16:47,16,7,0
2026-07-31,16:48,17,8,0
2026-07-31,16:49,12,7,0
2026-07-31,16:50,10,6,0
2026-07-31,16:51,15,7,0
2026-07-31,16:52,33,11,0
2026-07-31,16:53,27,9,0
2026-07-31,16:54,11,8,0
2026-07-31,16:55,16,6,0
2026-07-31,16:56,10,6,0
2026-07-31,16:57,5,5,0
2026-07-31,16:58,8,6,0
2026-07-31,16:59,16,14,0
2026-07-31,17:00,10,4,0
2026-07-31,17:01,11,8,0
2026-07-31,17:07,20,7,0
2026-07-31,17:10,3,3,0
2026-07-31,17:11,128,25,0
2026-07-31,17:12,55,12,0
2026-07-31,17:13,13,7,0
2026-07-31,17:14,14,9,0
2026-07-31,17:15,7,3,0
2026-07-31,17:16,15,9,0
2026-07-31,17:17,36,10,0
2026-07-31,17:18,16,9,0
2026-07-31,17:19,11,8,0
2026-07-31,17:20,8,6,0
2026-07-31,17:21,18,8,0
2026-07-31,17:22,13,8,0
2026-07-31,17:23,13,6,0
2026-07-31,17:24,26,9,0
2026-07-31,17:25,4,3,0
2026-07-31,17:26,17,9,0
2026-07-31,17:27,18,12,0
2026-07-31,17:28,21,12,0
2026-07-31,17:29,13,7,0
2026-07-31,17:30,20,12,0
2026-07-31,17:31,15,9,0
2026-07-31,17:32,16,12,0
2026-07-31,17:33,8,6,0
2026-07-31,17:34,19,9,0
2026-07-31,17:35,16,10,0
2026-07-31,17:36,13,7,0
2026-07-31,17:37,13,7,0
2026-07-31,17:38,8,5,0
2026-07-31,17:39,4,2,0
2026-07-31,17:40,8,7,0
2026-07-31,17:41,6,6,0
2026-07-31,17:42,4,3,0
2026-07-31,17:43,3,3,0
2026-07-31,17:44,9,6,0
2026-07-31,17:45,3,3,0
2026-07-31,17:46,3,3,0
2026-07-31,17:47,3,3,0
2026-07-31,17:48,11,6,0
2026-07-31,17:49,10,3,0
2026-07-31,17:50,9,5,0
2026-07-31,17:51,6,3,0
2026-07-31,17:52,5,4,0
2026-07-31,17:53,6,4,0
2026-07-31,17:54,6,6,0
2026-07-31,17:55,7,5,0
2026-07-31,17:56,2,2,0
2026-07-31,17:57,4,3,0
2026-07-31,17:58,3,3,0
2026-07-31,17:59,1,1,0
2026-07-31,18:00,1,1,0
2026-07-31,18:01,3,3,0
2026-07-31,18:02,6,4,0
2026-07-31,18:03,4,3,0
2026-07-31,18:04,6,2,0
2026-07-31,18:05,7,5,0
2026-07-31,18:06,3,1,0
2026-07-31,18:07,3,3,0
2026-07-31,18:08,8,5,0
2026-07-31,18:09,11,7,0
2026-07-31,18:10,6,4,0
2026-07-31,18:11,2,2,0
2026-07-31,18:12,3,2,0
2026-07-31,18:13,2,2,0
2026-07-31,18:14,7,5,0
2026-07-31,18:15,1,1,0
2026-07-31,19:01,1,1,0
2026-07-31,19:02,3,3,0
2026-07-31,19:03,5,5,0
2026-07-31,19:04,7,7,0
2026-07-31,19:05,8,3,0
2026-07-31,19:06,5,3,0
2026-07-31,19:07,10,9,0
2026-07-31,19:08,6,4,0
2026-07-31,19:09,4,3,0
2026-07-31,19:10,5,5,0
2026-07-31,19:11,4,2,0
2026-07-31,19:12,2,2,0
2026-07-31,19:13,1,1,0
2026-07-31,19:14,9,3,0
2026-07-31,19:15,31,8,0
2026-07-31,19:16,12,8,0
2026-07-31,19:17,2,2,0
2026-07-31,19:18,5,4,0
2026-07-31,19:19,2,2,0
2026-07-31,19:20,9,6,0
2026-07-31,19:38,4,3,0
2026-07-31,19:39,0,0,0
2026-07-31,19:40,5,2,0
2026-07-31,19:41,2,2,0
2026-07-31,19:42,5,3,0
2026-07-31,19:43,8,3,0
2026-07-31,19:44,6,3,0
2026-07-31,19:45,4,3,0
2026-07-31,19:46,3,2,0
2026-07-31,19:47,3,2,0
2026-07-31,19:48,2,2,0
2026-07-31,19:49,3,2,0
2026-07-31,19:50,9,4,0
2026-07-31,19:51,6,4,0
2026-07-31,19:52,6,5,0
2026-07-31,19:53,8,5,0
2026-07-31,19:54,3,2,0
2026-07-31,19:55,5,4,0
2026-07-31,19:56,1,1,0
2026-07-31,19:57,1,1,0
2026-07-31,19:58,3,2,0
2026-07-31,19:59,3,2,0
2026-07-31,20:00,0,0,0
2026-07-31,20:01,8,5,0
2026-07-31,20:02,5,3,0
2026-07-31,20:03,4,2,0
2026-07-31,20:04,5,3,0
2026-07-31,20:05,6,4,0
2026-07-31,20:06,7,5,0
2026-07-31,20:07,5,3,0
2026-07-31,20:08,4,3,0
2026-07-31,20:09,6,5,0
2026-07-31,20:10,8,4,0
2026-07-31,20:11,5,5,0
2026-07-31,20:12,5,3,0
2026-07-31,20:13,0,0,0
2026-07-31,20:40,1,1,0
2026-07-31,20:41,0,0,0
2026-07-31,21:47,5,5,0
2026-07-31,21:48,32,19,0
2026-07-31,21:49,23,12,0
2026-07-31,21:50,7,6,0
2026-07-31,21:51,7,7,0
2026-07-31,21:52,10,6,0
2026-07-31,21:53,4,4,0
2026-07-31,21:54,5,3,0
2026-07-31,21:55,5,3,0
2026-07-31,21:56,5,5,0
2026-07-31,21:57,4,3,0
2026-07-31,21:58,10,3,0
2026-07-31,21:59,15,7,0
2026-07-31,22:00,2,2,0
2026-07-31,22:01,4,3,0
2026-07-31,22:02,1,1,0
2026-07-31,22:03,2,2,0
2026-07-31,22:04,1,1,0
2026-07-31,22:05,0,0,0
2026-07-31,22:06,2,1,0
2026-07-31,22:07,1,1,0
2026-07-31,22:08,0,0,0
2026-07-31,22:09,2,2,0
2026-07-31,22:10,1,1,0
2026-07-31,22:11,1,1,0
2026-07-31,22:12,0,0,0
2026-07-31,22:14,1,1,0
2026-07-31,22:15,0,0,0
2026-07-31,22:16,3,2,0
2026-07-31,22:17,3,3,0
2026-07-31,22:18,4,4,0
2026-07-31,22:19,2,2,0
2026-07-31,22:20,2,2,0
2026-07-31,22:21,0,0,0
2026-07-31,22:23,2,1,0
2026-07-31,22:24,0,0,0
2026-07-31,22:26,1,1,0
2026-07-31,22:27,0,0,0
2026-07-31,22:29,1,1,0
2026-07-31,22:30,0,0,0
2026-07-31,22:36,1,1,0
2026-07-31,22:37,0,0,0
2026-07-31,22:38,1,1,0
2026-07-31,22:39,0,0,0
2026-07-31,22:41,1,1,0
2026-08-01,00:46,1,1,0
2026-08-01,00:47,3,2,0
2026-08-01,00:48,0,0,0
2026-08-01,00:52,2,1,0
2026-08-01,00:53,0,0,0
2026-08-01,00:54,1,1,0
2026-08-01,00:55,0,0,0
2026-08-01,16:37,3,2,0
2026-08-01,16:38,4,2,0
2026-08-01,16:39,0,0,0
2026-08-01,20:36,51,31,0
2026-08-01,20:37,58,24,0
2026-08-01,20:38,30,11,0
2026-08-01,20:39,19,8,0
2026-08-01,20:40,21,11,0
2026-08-01,20:41,20,12,0
2026-08-01,20:42,16,11,0
2026-08-01,20:43,9,6,0
2026-08-01,20:44,8,6,0
2026-08-01,20:45,5,4,0
2026-08-01,20:46,11,8,0
2026-08-01,20:47,14,11,0
2026-08-01,20:48,1,1,0
2026-08-01,20:49,3,2,0
2026-08-01,20:50,17,9,0
2026-08-01,20:51,6,5,0
2026-08-01,20:52,6,6,0
2026-08-01,20:53,11,8,0
2026-08-01,20:54,12,9,0
2026-08-01,20:55,6,5,0
2026-08-01,20:56,9,8,0
2026-08-01,20:57,9,8,0
2026-08-01,20:58,8,7,0
2026-08-01,20:59,12,9,0
2026-08-01,21:00,7,7,0
2026-08-01,21:01,11,7,0
2026-08-01,21:02,11,9,0
2026-08-01,21:03,8,7,0
2026-08-01,21:04,13,9,0
2026-08-01,21:05,18,12,0
2026-08-01,21:06,10,8,0
2026-08-01,21:07,8,5,0
2026-08-01,21:08,9,5,0
2026-08-01,21:09,10,7,0
2026-08-01,21:10,9,8,0
2026-08-01,21:11,3,3,0
2026-08-01,21:12,12,5,0
2026-08-01,21:13,13,7,0
2026-08-01,21:14,7,4,0
2026-08-01,21:15,11,7,0
2026-08-01,21:16,19,9,0
2026-08-01,21:17,13,8,0
2026-08-01,21:18,8,6,0
2026-08-01,21:19,10,4,0
2026-08-01,21:20,5,4,0
2026-08-01,21:21,4,3,0
2026-08-01,21:22,6,4,0
2026-08-01,21:23,10,6,0
2026-08-01,21:24,5,4,0
2026-08-01,21:25,6,6,0
2026-08-01,21:26,5,5,0
2026-08-01,21:27,0,0,0
2026-08-01,21:29,4,4,0
2026-08-01,21:30,2,2,0
2026-08-01,21:31,0,0,0
2026-08-01,21:32,1,1,0
2026-08-01,21:33,4,4,0
2026-08-01,21:34,3,3,0
2026-08-01,21:35,4,4,0
2026-08-01,21:36,7,5,0
2026-08-01,21:37,4,4,0
2026-08-01,21:38,2,2,0
2026-08-01,21:39,8,3,0
2026-08-01,21:40,4,3,0
2026-08-01,21:41,2,2,0
2026-08-01,21:42,1,1,0
2026-08-01,21:43,1,1,0
2026-08-01,21:44,1,1,0
2026-08-01,21:45,1,1,0
2026-08-01,21:46,4,3,0
2026-08-01,21:47,2,1,0
2026-08-01,21:48,0,0,0
2026-08-01,23:56,3,1,0
2026-08-01,23:57,0,0,0
2026-08-01,23:58,1,1,0
2026-08-01,23:59,0,0,0
2026-08-02,00:00,1,1,0
2026-08-02,00:01,0,0,0
2026-08-02,00:02,1,1,0
2026-08-02,00:03,0,0,0
2026-08-02,00:08,3,2,0
2026-08-02,00:09,1,1,0
2026-08-02,00:10,3,2,0
2026-08-02,00:11,1,1,0
2026-08-02,00:12,1,1,0
2026-08-02,00:13,3,1,0
2026-08-02,00:14,3,2,0
2026-08-02,00:15,2,2,0
2026-08-02,00:16,3,1,0
2026-08-02,00:33,2,2,0
2026-08-02,00:34,0,0,0
2026-08-02,00:35,3,3,0
2026-08-02,00:36,2,2,0
2026-08-02,00:37,6,3,0
2026-08-02,00:38,2,2,0
2026-08-02,00:39,2,2,0
2026-08-02,00:40,2,1,0
2026-08-02,00:41,0,0,0
2026-08-02,00:44,3,2,0
2026-08-02,00:45,0,0,0
2026-08-02,00:47,1,1,0
2026-08-02,00:48,0,0,0
2026-08-02,00:49,10,1,0
2026-08-02,00:50,5,3,0
2026-08-02,00:51,1,1,0
2026-08-02,00:52,1,1,0
2026-08-02,00:53,1,1,0
2026-08-02,00:54,1,1,0
2026-08-02,00:55,2,2,0
2026-08-02,00:56,1,1,0
2026-08-02,00:57,1,1,0
2026-08-02,00:58,1,1,0
2026-08-02,00:59,3,2,0
2026-08-02,01:00,2,2,0
2026-08-02,01:01,2,1,0
2026-08-02,01:02,1,1,0
2026-08-02,01:03,1,1,0
2026-08-02,01:04,5,2,0
2026-08-02,01:05,0,0,0
2026-08-02,01:06,1,1,0
2026-08-02,01:07,0,0,0
2026-08-02,01:09,1,1,0
2026-08-02,01:10,3,3,0
2026-08-02,01:11,2,1,0
2026-08-02,01:12,0,0,0
2026-08-02,01:17,1,1,0
2026-08-02,01:18,0,0,0
2026-08-02,01:36,2,2,0
2026-08-02,01:37,23,18,0
2026-08-02,01:38,6,5,0
2026-08-02,01:39,7,6,0
2026-08-02,01:40,10,7,0
2026-08-02,01:41,3,3,0
2026-08-02,01:42,2,2,0
2026-08-02,01:43,3,3,0
2026-08-02,01:44,1,1,0
2026-08-02,01:45,2,2,0
2026-08-02,01:46,1,1,0
2026-08-02,01:47,0,0,0
2026-08-02,01:48,1,1,0
2026-08-02,01:49,1,1,0
2026-08-02,01:50,3,2,0
2026-08-02,01:51,1,1,0
2026-08-02,01:52,1,1,0
2026-08-02,01:53,0,0,0
2026-08-02,01:57,2,2,0
2026-08-02,01:58,4,4,0
2026-08-02,01:59,4,3,0
2026-08-02,02:00,1,1,0
2026-08-02,02:01,3,1,0
2026-08-02,02:02,1,1,0
2026-08-02,02:03,2,1,0
2026-08-02,02:04,1,1,0
2026-08-02,02:05,0,0,0
2026-08-02,13:48,2,2,0
2026-08-02,13:49,0,0,0
2026-08-02,13:53,4,2,0
2026-08-02,13:54,0,0,0
2026-08-02,14:33,2,2,0
2026-08-02,14:34,0,0,0
2026-08-02,18:51,7,1,0
2026-08-02,18:52,2,2,0
2026-08-02,18:53,0,0,0
2026-08-02,20:03,4,2,0
2026-08-02,20:04,2,2,0
2026-08-02,20:05,0,0,0
2026-08-02,20:07,1,1,0
2026-08-02,20:08,1,1,0
2026-08-02,20:09,0,0,0
2026-08-02,20:19,3,1,0
2026-08-02,20:20,10,9,0
2026-08-02,20:21,33,22,0
2026-08-02,20:22,36,17,0
2026-08-02,20:23,12,9,0
2026-08-02,20:24,22,13,0
2026-08-02,20:25,6,5,0
2026-08-02,20:26,5,5,0
2026-08-02,20:27,9,8,0
2026-08-02,20:28,6,5,0
2026-08-02,20:29,6,6,0
2026-08-02,20:30,5,4,0
2026-08-02,20:31,8,7,0
2026-08-02,20:32,2,2,0
2026-08-02,20:33,8,5,0
2026-08-02,20:34,2,2,0
2026-08-02,20:35,9,8,0
2026-08-02,20:36,4,4,0
2026-08-02,20:37,2,2,0
2026-08-02,20:38,5,5,0
2026-08-02,20:39,5,5,0
2026-08-02,20:40,4,4,0
2026-08-02,20:41,4,2,0
2026-08-02,20:42,4,3,0
2026-08-02,20:43,8,5,0
2026-08-02,20:44,9,6,0
2026-08-02,20:45,6,4,0
2026-08-02,20:46,59,5,0
2026-08-02,20:47,6,5,0
2026-08-02,20:48,11,5,0
2026-08-02,20:49,10,6,0
2026-08-02,20:50,3,3,0
2026-08-02,20:51,4,3,0
2026-08-02,20:52,5,3,0
2026-08-02,20:53,7,5,0
2026-08-02,20:54,2,2,0
2026-08-02,20:55,4,3,0
2026-08-02,20:56,2,2,0
2026-08-02,20:57,2,2,0
2026-08-02,20:58,2,1,0
2026-08-02,20:59,4,4,0
2026-08-02,21:00,13,10,0
2026-08-02,21:01,16,13,0
2026-08-02,21:02,13,9,0
2026-08-02,21:03,14,12,0
2026-08-02,21:04,14,11,0
2026-08-02,21:05,13,10,0
2026-08-02,21:06,16,11,0
2026-08-02,21:07,6,5,0
2026-08-02,21:08,7,5,0
2026-08-02,21:09,10,8,0
2026-08-02,21:10,5,3,0
2026-08-02,21:11,5,3,0
2026-08-02,21:12,8,8,0
2026-08-02,21:13,8,8,0
2026-08-02,21:14,6,5,0
2026-08-02,21:15,11,8,0
2026-08-02,21:16,14,9,0
2026-08-02,21:17,14,9,0
2026-08-02,21:18,14,8,0
2026-08-02,21:19,18,11,0
2026-08-02,21:20,15,10,0
2026-08-02,21:21,22,14,0
2026-08-02,21:22,20,13,0
2026-08-02,21:23,23,14,0
2026-08-02,21:24,17,10,0
2026-08-02,21:25,22,15,0
2026-08-02,21:26,10,7,0
2026-08-02,21:27,12,8,0
2026-08-02,21:28,11,8,0
2026-08-02,21:29,24,13,0
2026-08-02,21:30,10,7,0
2026-08-02,21:31,7,6,0
2026-08-02,21:32,8,8,0
2026-08-02,21:33,6,5,0
2026-08-02,21:34,11,7,0
2026-08-02,21:35,15,9,0
2026-08-02,21:36,15,10,0
2026-08-02,21:37,14,11,0
2026-08-02,21:38,10,8,0
2026-08-02,21:39,18,10,0
2026-08-02,21:40,15,9,0
2026-08-02,21:41,14,11,0
2026-08-02,21:42,15,11,0
2026-08-02,21:43,15,11,0
2026-08-02,21:44,13,11,0
2026-08-02,21:45,7,6,0
2026-08-02,21:46,9,7,0
2026-08-02,21:47,8,6,0
2026-08-02,21:48,4,3,0
2026-08-02,21:49,10,7,0
2026-08-02,21:50,7,5,0
2026-08-02,21:51,10,8,0
2026-08-02,21:52,8,5,0
2026-08-02,21:53,9,7,0
2026-08-02,21:54,18,9,0
2026-08-02,21:55,7,6,0
2026-08-02,21:56,7,6,0
2026-08-02,21:57,14,7,0
2026-08-02,21:58,10,7,0
2026-08-02,21:59,22,16,0
2026-08-02,22:00,21,11,0
2026-08-02,22:01,12,9,0
2026-08-02,22:02,16,10,0
2026-08-02,22:03,11,8,0
2026-08-02,22:04,7,5,0
2026-08-02,22:05,5,5,0
2026-08-02,22:06,13,8,0
2026-08-02,22:07,6,6,0
2026-08-02,22:08,4,3,0
2026-08-02,22:09,5,4,0
2026-08-02,22:10,4,4,0
2026-08-02,22:11,8,6,0
2026-08-02,22:12,6,5,0
2026-08-02,22:13,4,2,0
2026-08-02,22:14,5,3,0
2026-08-02,22:15,8,6,0
2026-08-02,22:16,7,6,0
2026-08-02,22:17,13,7,0
2026-08-02,22:18,9,5,0
2026-08-02,22:19,9,5,0
2026-08-02,22:20,11,6,0
2026-08-02,22:21,5,4,0
2026-08-02,22:22,5,5,0
2026-08-02,22:23,12,8,0
2026-08-02,22:24,3,2,0
2026-08-02,22:25,10,9,0
2026-08-02,22:26,7,7,0
2026-08-02,22:27,8,7,0
2026-08-02,22:28,10,10,0
2026-08-02,22:29,4,4,0
2026-08-02,22:30,2,2,0
2026-08-02,22:31,1,1,0
2026-08-02,22:32,2,2,0
2026-08-02,22:33,5,5,0
2026-08-02,22:37,0,0,0
2026-08-02,22:38,20,9,0
2026-08-02,22:39,5,4,0
2026-08-02,22:40,5,4,0
2026-08-02,22:41,9,5,0
2026-08-02,22:43,4,2,0
2026-08-02,22:44,9,4,0
2026-08-02,22:45,5,3,0
2026-08-02,22:46,10,6,0
2026-08-02,22:47,5,3,0
2026-08-02,22:48,6,5,0
2026-08-02,22:49,6,4,0
2026-08-02,22:50,5,5,0
2026-08-02,22:51,5,4,0
2026-08-02,22:52,24,9,0
2026-08-02,22:53,3,3,0
2026-08-02,22:54,8,5,0
2026-08-02,22:55,34,17,0
2026-08-02,22:56,15,9,0
2026-08-02,22:57,16,10,0
2026-08-02,22:58,29,15,0
2026-08-02,22:59,21,12,0
2026-08-02,23:00,16,12,0
2026-08-02,23:01,21,11,0
2026-08-02,23:02,21,12,0
2026-08-02,23:03,20,12,0
2026-08-02,23:04,9,6,0
2026-08-02,23:05,19,10,0
2026-08-02,23:06,16,12,0
2026-08-02,23:07,16,12,0
2026-08-02,23:08,5,3,0
2026-08-02,23:09,19,9,0
2026-08-02,23:10,22,14,0
2026-08-02,23:11,12,8,0
2026-08-02,23:12,9,6,0
2026-08-02,23:13,8,7,0
2026-08-02,23:14,12,9,0
2026-08-02,23:15,7,5,0
2026-08-02,23:16,3,2,0
2026-08-02,23:17,16,8,0
2026-08-02,23:18,27,10,0
2026-08-02,23:19,28,15,0
2026-08-02,23:20,30,14,0
2026-08-02,23:21,24,12,0
2026-08-02,23:22,15,7,0
2026-08-02,23:23,14,7,0
2026-08-02,23:24,35,11,0
2026-08-02,23:25,15,11,0
2026-08-02,23:26,0,0,0
2026-08-03,01:02,39,28,0
2026-08-03,01:03,13,12,0
2026-08-03,01:04,17,9,0
2026-08-03,01:05,13,6,0
2026-08-03,01:06,14,7,0
2026-08-03,01:07,2,2,0
2026-08-03,01:08,10,5,0
2026-08-03,01:09,12,7,0
2026-08-03,01:10,18,14,0
2026-08-03,01:11,54,11,0
2026-08-03,01:12,40,12,0
2026-08-03,01:13,14,10,0
2026-08-03,01:14,11,7,0
2026-08-03,01:15,11,8,0
2026-08-03,01:34,7,3,0
2026-08-03,01:39,0,0,0
2026-08-03,02:05,6,5,0
2026-08-03,02:14,0,0,0
2026-08-03,02:31,3,3,0
2026-08-03,02:35,0,0,0
2026-08-03,03:17,3,1,0
2026-08-03,03:34,0,0,0
2026-08-03,04:07,6,5,0
2026-08-03,04:25,0,0,0
2026-08-03,13:31,2,2,0
2026-08-03,13:32,0,0,0
2026-08-03,14:42,2,2,0
2026-08-03,14:43,0,0,0
2026-08-03,18:52,1,1,0
2026-08-03,18:53,0,0,0
2026-08-03,19:48,2,2,0
2026-08-03,19:49,7,6,0
2026-08-03,19:50,6,5,0
2026-08-03,19:51,47,22,0
2026-08-03,19:52,25,16,0
2026-08-03,19:53,14,9,0
2026-08-03,19:54,6,5,0
2026-08-03,19:55,12,9,0
2026-08-03,19:56,13,8,0
2026-08-03,19:57,10,5,0
2026-08-03,19:58,6,6,0
2026-08-03,19:59,11,8,0
2026-08-03,20:00,7,3,0
2026-08-03,20:01,5,5,0
2026-08-03,20:02,8,6,0
2026-08-03,20:03,3,3,0
2026-08-03,20:04,13,7,0
2026-08-03,20:05,14,10,0
2026-08-03,20:06,21,8,0
2026-08-03,20:07,6,4,0
2026-08-03,20:08,5,4,0
2026-08-03,20:09,3,3,0
2026-08-03,20:10,9,5,0
2026-08-03,20:11,6,6,0
2026-08-03,20:12,6,3,0
2026-08-03,20:13,11,5,0
2026-08-03,20:14,7,6,0
2026-08-03,20:15,23,10,0
2026-08-03,20:16,13,8,0
2026-08-03,20:17,10,7,0
2026-08-03,20:18,8,4,0
2026-08-03,20:19,4,4,0
2026-08-03,20:20,3,3,0
2026-08-03,20:21,3,3,0
2026-08-03,20:22,7,3,0
2026-08-03,20:23,15,10,0
2026-08-03,20:24,8,6,0
2026-08-03,20:25,39,13,0
2026-08-03,20:26,15,5,0
2026-08-03,20:27,7,3,0
2026-08-03,20:28,15,7,0
2026-08-03,20:29,6,5,0
2026-08-03,20:30,11,4,0
2026-08-03,20:31,8,6,0
2026-08-03,20:32,6,5,0
2026-08-03,20:33,12,8,0
2026-08-03,20:34,7,6,0
2026-08-03,20:35,2,2,0
2026-08-03,20:36,4,3,0
2026-08-03,20:37,6,5,0
2026-08-03,20:38,9,5,0
2026-08-03,20:39,10,7,0
2026-08-03,20:40,2,2,0
2026-08-03,20:41,7,5,0
2026-08-03,20:42,7,6,0
2026-08-03,20:43,8,6,0
2026-08-03,20:44,11,9,0
2026-08-03,20:45,5,4,0
2026-08-03,20:46,7,4,0
2026-08-03,20:47,10,5,0
2026-08-03,20:48,9,6,0
2026-08-03,20:49,7,5,0
2026-08-03,20:50,6,4,0
2026-08-03,20:51,10,6,0
2026-08-03,20:52,6,4,0
2026-08-03,20:53,7,4,0
2026-08-03,20:54,8,6,0
2026-08-03,20:55,3,3,0
2026-08-03,20:56,10,9,0
2026-08-03,20:57,37,11,0
2026-08-03,20:58,18,10,0
2026-08-03,20:59,27,7,0
2026-08-03,21:00,21,11,0
2026-08-03,21:01,25,12,0
2026-08-03,21:02,12,6,0
2026-08-03,21:03,17,10,0
2026-08-03,21:04,29,13,0
2026-08-03,21:05,32,12,0
2026-08-03,21:06,21,10,0
2026-08-03,21:07,12,9,0
2026-08-03,21:08,15,8,0
2026-08-03,21:09,13,8,0
2026-08-03,21:10,20,6,0
2026-08-03,21:11,6,3,0
2026-08-03,21:12,9,5,0
2026-08-03,21:13,13,8,0
2026-08-03,21:14,9,5,0
2026-08-03,21:15,5,3,0
2026-08-03,21:16,5,4,0
2026-08-03,21:17,9,5,0
2026-08-03,21:18,8,4,0
2026-08-03,21:19,8,4,0
2026-08-03,21:20,10,8,0
2026-08-03,21:21,31,8,0
2026-08-03,21:22,21,10,0
2026-08-03,21:23,17,9,0
2026-08-03,21:24,11,8,0
2026-08-03,21:25,9,6,0
2026-08-03,21:26,35,7,1
2026-08-03,21:27,25,9,1
2026-08-03,21:28,12,6,0
2026-08-03,21:29,8,6,0
2026-08-03,21:30,4,3,0
2026-08-03,21:31,15,11,0
2026-08-03,21:32,9,3,0
2026-08-03,21:33,11,7,0
2026-08-03,21:34,5,5,0
2026-08-03,21:35,7,4,0
2026-08-03,21:36,7,4,0
2026-08-03,21:37,8,5,0
2026-08-03,21:38,13,7,0
2026-08-03,21:39,12,5,0
2026-08-03,21:40,18,7,0
2026-08-03,21:41,8,5,0
2026-08-03,21:42,15,8,0
2026-08-03,21:43,12,6,0
2026-08-03,21:44,11,7,0
2026-08-03,21:45,17,8,0
2026-08-03,21:46,10,5,0
2026-08-03,21:47,8,6,0
2026-08-03,21:48,2,2,0
2026-08-03,21:49,5,3,0
2026-08-03,21:50,6,4,0
2026-08-03,21:51,8,4,0
2026-08-03,21:52,12,6,0
2026-08-03,21:53,7,3,0
2026-08-03,21:54,8,2,0
2026-08-03,22:00,2,2,0
2026-08-03,22:10,0,0,0
2026-08-03,22:11,4,4,0
2026-08-03,22:12,3,2,0
2026-08-03,22:13,3,2,0
2026-08-03,22:14,4,4,0
2026-08-03,22:15,3,3,0
2026-08-03,22:16,9,4,0
2026-08-03,22:17,8,4,0
2026-08-03,22:18,5,3,1
2026-08-03,22:19,14,8,0
2026-08-03,22:20,12,3,0
2026-08-03,22:21,10,6,0
2026-08-03,22:22,38,6,0
2026-08-03,22:23,1,1,0
2026-08-03,22:24,7,3,0
2026-08-03,22:25,14,4,0
2026-08-03,22:26,2,2,0
2026-08-03,22:27,3,3,0
2026-08-03,22:28,9,5,0
2026-08-03,22:29,6,3,0
2026-08-03,22:30,5,4,0
2026-08-03,22:31,5,4,0
2026-08-03,22:32,7,6,0
2026-08-03,22:33,4,4,0
2026-08-03,22:34,2,2,0
2026-08-03,22:35,7,5,0
2026-08-03,22:36,2,2,0
2026-08-03,22:37,2,2,0
2026-08-03,22:38,4,4,0
2026-08-03,22:39,4,3,0
2026-08-03,22:40,4,3,0
2026-08-03,22:41,11,6,0
2026-08-03,22:42,6,4,0
2026-08-03,22:43,2,2,0
2026-08-03,22:44,2,1,0
2026-08-03,22:45,3,3,0
2026-08-03,22:46,4,3,0
2026-08-03,22:47,0,0,0
2026-08-03,22:48,2,1,0
2026-08-03,22:49,1,1,0
2026-08-03,22:50,1,1,0
2026-08-03,22:51,0,0,0
2026-08-03,22:52,2,2,0
2026-08-03,22:53,4,3,0
2026-08-03,22:54,4,3,0
2026-08-03,22:55,7,5,0
2026-08-03,22:56,0,0,0
2026-08-05,01:17,69,37,0
2026-08-05,01:19,51,17,0
2026-08-05,01:35,24,11,0
2026-08-05,01:49,0,0,0
2026-08-05,02:31,11,10,0
2026-08-05,02:47,0,0,0
2026-08-05,11:46,2,2,0
2026-08-05,11:47,0,0,0
2026-08-05,19:45,2,2,0
2026-08-05,19:46,0,0,0
2026-08-05,23:16,33,24,0
2026-08-05,23:17,20,14,1
2026-08-05,23:18,16,10,0
2026-08-05,23:19,10,9,0
2026-08-05,23:20,14,10,0
2026-08-05,23:21,13,11,0
2026-08-05,23:22,10,7,0
2026-08-05,23:23,6,6,0
2026-08-05,23:24,11,9,0
2026-08-05,23:25,5,5,0
2026-08-05,23:26,11,8,0
2026-08-05,23:27,5,4,0
2026-08-05,23:28,3,3,0
2026-08-05,23:29,3,2,0
2026-08-05,23:30,4,3,0
2026-08-05,23:31,10,7,0
2026-08-05,23:32,9,8,0
2026-08-05,23:33,4,4,0
2026-08-05,23:34,10,7,0
2026-08-05,23:35,6,6,0
2026-08-05,23:36,5,5,0
2026-08-05,23:37,4,4,0
2026-08-05,23:38,4,4,0
2026-08-05,23:39,4,3,0
2026-08-05,23:40,10,9,0
2026-08-05,23:41,2,2,0
2026-08-05,23:42,5,4,0
2026-08-05,23:43,10,7,0
2026-08-05,23:44,9,5,0
2026-08-05,23:45,6,5,0
2026-08-05,23:46,5,5,0
2026-08-05,23:47,5,4,0
2026-08-05,23:48,5,4,0
2026-08-05,23:49,8,4,0
2026-08-05,23:50,6,4,0
2026-08-05,23:51,3,3,0
2026-08-05,23:52,5,5,0
2026-08-05,23:53,3,3,0
2026-08-05,23:54,0,0,0
2026-08-06,18:01,1,1,0
2026-08-06,18:02,60,32,0
2026-08-06,18:03,35,22,0
2026-08-06,18:04,18,14,0
2026-08-06,18:05,14,13,0
2026-08-06,18:06,26,21,0
2026-08-06,18:07,42,20,0
2026-08-06,18:08,34,19,0
2026-08-06,18:09,22,12,0
2026-08-06,18:10,26,15,0
2026-08-06,18:11,61,20,1
2026-08-06,18:12,37,18,0
2026-08-06,18:13,44,22,0
2026-08-06,18:14,26,20,0
2026-08-06,18:15,14,11,0
2026-08-06,18:16,25,17,0
2026-08-06,18:17,21,9,0
2026-08-06,18:18,17,13,0
2026-08-06,18:19,25,14,0
2026-08-06,18:20,19,11,0
2026-08-06,18:21,22,10,0
2026-08-06,18:22,15,11,0
2026-08-06,18:23,13,7,0
2026-08-06,18:24,12,8,0
2026-08-06,18:25,9,5,0
2026-08-06,18:26,9,6,0
2026-08-06,18:27,19,10,0
2026-08-06,18:28,18,11,0
2026-08-06,18:29,13,6,0
2026-08-06,18:30,3,3,0
2026-08-06,18:31,9,6,0
2026-08-06,18:32,10,3,0
2026-08-06,18:33,10,5,0
2026-08-06,18:34,6,3,0
2026-08-06,18:35,10,6,0
2026-08-06,18:36,12,7,0
2026-08-06,18:37,9,6,0
2026-08-06,18:38,13,6,0
2026-08-06,18:39,6,3,0
2026-08-06,18:40,8,6,0
2026-08-06,18:41,5,4,0
2026-08-06,18:59,1,1,0
2026-08-06,19:01,0,0,0
2026-08-06,19:06,1,1,0
2026-08-06,19:10,0,0,0
2026-08-06,19:27,2,2,0
2026-08-06,19:45,12,5,0
2026-08-06,19:53,0,0,0
2026-08-06,19:56,9,5,0
2026-08-06,20:01,6,5,0
2026-08-06,20:10,0,0,0
2026-08-07,16:19,4,4,0
2026-08-07,16:36,0,0,0
2026-08-07,16:37,8,4,0
2026-08-07,17:05,0,0,0
2026-08-07,17:07,1,1,0
2026-08-07,17:26,7,5,0
2026-08-07,17:34,0,0,0
2026-08-07,19:23,1,1,0
2026-08-07,19:24,2,2,0
2026-08-07,19:27,6,4,0
2026-08-07,19:54,19,8,0
2026-08-07,20:04,0,0,0
2026-08-07,23:57,4,1,0
2026-08-07,23:59,0,0,0
2026-08-08,00:06,15,12,0
2026-08-08,00:07,12,8,0
2026-08-08,00:08,15,9,0
2026-08-08,00:09,7,6,0
2026-08-08,00:10,5,4,0
2026-08-08,00:11,4,3,0
2026-08-08,00:12,1,1,0
2026-08-08,00:13,5,4,0
2026-08-08,00:14,2,2,0
2026-08-08,00:15,3,3,0
2026-08-08,00:16,6,4,0
2026-08-08,00:17,1,1,0
2026-08-08,00:18,1,1,0
2026-08-08,00:19,3,1,0
2026-08-08,00:20,0,0,0
2026-08-08,00:22,1,1,0
2026-08-08,00:23,1,1,0
2026-08-08,00:24,6,1,0
2026-08-08,00:25,2,2,0
2026-08-08,00:26,3,1,0
2026-08-08,00:27,2,2,0
2026-08-08,00:28,0,0,0
2026-08-08,00:29,3,2,0
2026-08-08,00:30,2,2,0
2026-08-08,00:31,2,2,0
2026-08-08,00:32,1,1,0
2026-08-08,00:33,2,2,0
2026-08-08,00:52,0,0,0
2026-08-08,00:53,1,1,0
2026-08-08,00:54,1,1,0
2026-08-08,00:57,4,2,0
2026-08-08,01:04,6,4,0
2026-08-08,01:12,0,0,0
2026-08-08,01:14,1,1,0
2026-08-08,01:27,4,2,0
2026-08-08,01:28,0,0,0
2026-08-08,02:22,1,1,0
2026-08-08,02:40,0,0,0
2026-08-08,02:56,3,2,0
2026-08-08,03:07,0,0,0
2026-08-09,02:00,13,10,0
2026-08-09,02:01,23,13,0
2026-08-09,02:02,3,2,0
2026-08-09,02:03,2,2,0
2026-08-09,02:04,5,4,0
2026-08-09,02:05,2,2,0
2026-08-09,02:06,4,4,0
2026-08-09,02:07,2,2,0
2026-08-09,02:08,6,4,0
2026-08-09,02:09,6,3,0
2026-08-09,02:10,6,5,0
2026-08-09,02:11,1,1,0
2026-08-09,02:12,2,2,0
2026-08-09,02:13,2,1,0
2026-08-09,02:14,5,4,0
2026-08-09,02:15,9,3,0
2026-08-09,02:16,2,2,0
2026-08-09,02:17,1,1,0
2026-08-09,02:18,1,1,0
2026-08-09,02:19,3,3,0
2026-08-09,02:20,0,0,0
2026-08-09,02:21,1,1,0
2026-08-09,02:22,3,3,0
2026-08-09,02:23,3,3,0
2026-08-09,02:24,1,1,0
2026-08-09,02:25,4,3,0
2026-08-09,02:26,6,3,0
2026-08-09,02:27,2,2,0
2026-08-09,02:28,4,4,0
2026-08-09,02:29,1,1,0
2026-08-09,02:30,1,1,0
2026-08-09,02:31,4,3,0
2026-08-09,02:32,0,0,0
2026-08-09,02:35,4,2,0
2026-08-09,02:36,3,2,0
2026-08-09,02:37,4,3,0
2026-08-09,02:38,6,4,0
2026-08-09,02:39,3,3,0
2026-08-09,02:40,3,3,0
2026-08-09,02:41,1,1,0
2026-08-09,02:42,1,1,0
2026-08-09,02:43,3,2,0
2026-08-09,02:44,2,2,0
2026-08-09,02:45,1,1,0
2026-08-09,02:49,0,0,0
2026-08-09,03:08,2,1,0
2026-08-09,03:14,0,0,0
2026-08-09,03:15,16,7,0
2026-08-09,03:16,2,1,0
2026-08-09,03:17,1,1,0
2026-08-09,03:18,2,2,0
2026-08-09,03:19,0,0,0
2026-08-09,03:21,1,1,0
2026-08-09,03:22,5,2,0
2026-08-09,03:23,4,2,0
2026-08-09,03:24,3,3,0
2026-08-09,03:25,4,2,0
2026-08-09,03:26,3,3,0
2026-08-09,03:27,5,3,0
2026-08-09,03:28,1,1,0
2026-08-09,03:40,0,0,0
2026-08-09,03:41,2,2,0
2026-08-09,03:42,5,3,0
2026-08-09,03:43,3,3,0
2026-08-09,03:44,4,4,0
2026-08-09,03:45,3,3,0
2026-08-09,03:46,0,0,0
2026-08-09,03:47,1,1,0
2026-08-09,03:48,3,2,0
2026-08-09,03:49,4,2,0
2026-08-09,03:50,9,5,0
2026-08-09,03:51,4,3,0
2026-08-09,03:52,0,0,0
2026-08-09,19:35,2,1,0
2026-08-09,19:36,0,0,0
2026-08-09,20:57,1,1,0
2026-08-09,20:58,0,0,0
2026-08-10,20:42,3,3,0
2026-08-10,20:43,30,14,0
2026-08-10,20:44,10,6,0
2026-08-10,20:45,5,4,0
2026-08-10,20:46,2,1,0
2026-08-10,20:47,0,0,0
2026-08-10,20:48,3,3,0
2026-08-10,20:49,1,1,0
2026-08-10,20:50,1,1,0
2026-08-10,20:51,0,0,0
2026-08-10,20:54,2,2,0
2026-08-10,20:55,1,1,0
2026-08-10,20:56,9,7,0
2026-08-10,20:57,1,1,0
2026-08-10,20:58,3,2,0
2026-08-10,20:59,0,0,0
2026-08-10,21:01,1,1,0
2026-08-10,21:02,1,1,0
2026-08-10,21:03,0,0,0
2026-08-10,21:06,2,2,0
2026-08-10,21:07,0,0,0
2026-08-10,21:08,2,2,0
2026-08-10,21:09,5,4,0
2026-08-10,21:10,4,4,0
2026-08-10,21:11,1,1,0
2026-08-10,21:12,1,1,0
2026-08-10,21:13,0,0,0
2026-08-10,21:14,1,1,0
2026-08-10,21:15,0,0,0
2026-08-10,21:23,1,1,0
2026-08-10,21:24,2,1,0
2026-08-10,21:25,1,1,0
2026-08-10,21:26,0,0,0
2026-08-10,21:38,8,4,0
2026-08-10,21:51,2,2,0
2026-08-10,22:00,0,0,0
2026-08-10,22:07,1,1,0
2026-08-10,22:18,0,0,0
2026-08-10,22:33,6,5,0
2026-08-10,22:49,4,3,0
2026-08-10,23:07,0,0,0
2026-08-11,17:14,1,1,0
2026-08-11,17:15,0,0,0
2026-08-12,02:00,1,1,0
2026-08-12,02:01,0,0,0
2026-08-13,18:21,1,1,0
2026-08-13,18:30,0,0,0
2026-08-13,18:56,2,2,0
2026-08-13,18:57,0,0,0
